{"L":1.9766385159922644,"k":-0.39542536115581473,"x0":13.731374437767855,"a":0.00259761543796978,"b":-0.038063441387588985,"c":2.0233385644566853,"breakpoint":1.9932825297745602}