{"L":-1.9978434390059225,"k":0.37247362624819536,"x0":-13.597888092468317,"a":-0.0027987414439512664,"b":-0.0337869018244519,"c":-2.0366472035796441,"breakpoint":-3.2930947005700792}