{"L":-1.9978432008256275,"k":-0.37247365935362881,"x0":13.597887388987182,"a":-0.0027987438202883167,"b":0.033786875938927263,"c":-2.0366468626603855,"breakpoint":3.2931423981699322}