{"L":1.9978493180680539,"k":-0.3724724904418994,"x0":13.597866560202579,"a":0.0027987897666475461,"b":-0.033786023670883313,"c":2.0366487325224369,"breakpoint":3.2930041076294554}