{"L":1.997578257720181,"k":-0.3725341735160061,"x0":13.5989559385293,"a":0.0027968737756655141,"b":-0.033821502800670748,"c":2.03656407153002,"breakpoint":3.2986518884220022}