{"L":1.9975780693607144,"k":-0.3725343565409312,"x0":13.598956894820736,"a":0.0027968734154370655,"b":-0.033821511349560837,"c":2.0365640117407073,"breakpoint":3.2986504041156186}